 tDate,Country,Number,HolidayName
2021-04-04,Albania,1,Easter Sunday
2021-04-04,Angola,1,Peace Day
2021-04-04,Belgium,1,Easter Sunday
2021-04-04,China,1,Qing Ming Jie holiday
2021-04-04,Croatia,1,Easter Sunday
2021-04-04,Denmark,1,Easter Sunday
2021-04-04,Estonia,1,Easter Sunday
2021-04-04,Faroe Islands,1,Easter Sunday
2021-04-04,Gabon,1,Easter Sunday
2021-04-04,Hungary,1,Easter Sunday
2021-04-04,Iceland,1,Easter Sunday
2021-04-04,Italy,1,Easter Sunday
2021-04-04,Kosovo,1,Easter
2021-04-04,Latvia,1,Easter Sunday
2021-04-04,Lithuania,1,Easter Sunday
2021-04-04,Macau,1,Cheng Ming Festival
2021-04-04,Netherlands,1,Easter Sunday
2021-04-04,Norway,1,Easter Sunday
2021-04-04,Poland,1,Easter Sunday
2021-04-04,Portugal,1,Easter Sunday
2021-04-04,San Marino,1,Easter Sunday
2021-04-04,Senegal,1,Independence Day
2021-04-04,Sint Maarten,1,Easter Sunday
2021-04-04,Slovenia,1,Easter Sunday
2021-04-04,Sweden,1,Easter Sunday
2021-04-04,Taiwan,1,Children`s Day
2021-04-04,Vatican City (Holy See),1,Easter Sunday
