 tDate,Country,Number,HolidayName
2022-06-05,Belgium,1,Whit Sunday
2022-06-05,Denmark,1,Whit Sunday
2022-06-05,Denmark,2,Constitution Day
2022-06-05,Equatorial Guinea,1,President`s Day
2022-06-05,Estonia,1,Pentecost
2022-06-05,Faroe Islands,1,Whit Sunday
2022-06-05,Faroe Islands,2,Constitution Day
2022-06-05,Iceland,1,Whit Sunday
2022-06-05,Israel,1,Shavuot
2022-06-05,Latvia,1,Whitsunday
2022-06-05,Netherlands,1,Whit Sunday
2022-06-05,Norway,1,Whit Sunday
2022-06-05,Poland,1,Whit Sunday
2022-06-05,Sint Maarten,1,Whit Sunday
2022-06-05,Slovenia,1,Whit Sunday
2022-06-05,Sweden,1,Whit Sunday
